,location,name,mean_NPV,std_NPV,baseline_NPV,std_baseline_NPV,smr_capacity,htse_capacity,meoh_capacity,h2_storage_capacity,htse_capacity_h2,2std_mean_NPV,2std_baseline_NPV,delta_NPV,2std_dNPV
0,illinois,Illinois,-1459561295.09,6886.61790466,-1969973053.81,6333839.88577,720.0,-667.0,-16761.7,10.0,-16761.71,13773.23580932,12667679.77154,510411758.72,12667687.259176726
1,minnesota,Minnesota,-1378200127.25,221696.370287,-2354573044.74,2415896.20415,720.0,-667.0,-16761.7,10.0,-16761.71,443392.740574,4831792.4083,976372917.4899998,4852093.87783246
2,nebraska,Nebraska,-1380348057.94,336834.033733,-2321043101.62,25840122.5998,720.0,-667.0,-16761.7,10.0,-16761.71,673668.067466,51680245.1996,940695043.6799998,51684635.749474935
3,ohio,Ohio,-1458873509.78,231975.54526,-2027165614.77,6300784.01981,720.0,-667.0,-16761.7,10.0,-16761.71,463951.09052,12601568.03962,568292104.99,12610105.775589949
4,texas,Texas,-1470438343.33,2139266.61007,-1905109096.04,47603306.3435,720.0,-667.0,-16761.7,10.0,-16761.71,4278533.22014,95206612.687,434670752.71000004,95302701.6712972
